Category,What They Said,What They Meant,Traditional Chinese (Said),Traditional Chinese (Meant),Cultural Note
Polite Disagreement,With the greatest respect...,I think you are wrong,恕我冒昧,我認為你是錯的,"the more formal the opener, the stronger the disagreement"
Polite Disagreement,That's one way of looking at it.,I disagree with your view,那是一種看法,我不同意你的看法,acknowledging a view without agreeing with it at all
Polite Disagreement,I hear what you're saying.,I disagree but won't argue,我知你講咩 (但其實我唔同意),我不同意但不想爭,acknowledging the point while subtly signalling disagreement
Polite Disagreement,"I take your point, but...",I disagree,我理解你的意思，但,我不同意,the but signals the real opinion is coming
Polite Disagreement,You might want to reconsider that.,You are wrong,你可能需要重新考慮,你錯了,a polite but direct way of saying someone is wrong
Polite Disagreement,That's quite an interesting approach.,I would not do it that way,你咁樣做都幾特別喎 (其實我覺得唔好),我不會那樣做,expressing quiet doubt without saying so directly
Polite Disagreement,I'm not sure that's entirely right.,That is wrong,我不確定那完全正確,那是錯的,a heavily softened way of saying something is incorrect
Polite Disagreement,"I may be wrong, but...",I am confident I am right,我可能有點誤，但,我非常確定我是對的,appears humble while stating their view confidently
Polite Disagreement,Not to put too fine a point on it...,I am going to be blunt now,直說吧,我現在要直說了,signals a more direct statement is coming
Polite Disagreement,I'm afraid I can't quite agree with that.,I disagree,恐怕我不太能同意,我不同意,very polite but firm disagreement
Praise With Reservations,Not bad at all.,That is actually very good,還不錯嘛,那其實很好,not bad in British English means quite good or even excellent
Praise With Reservations,Quite good.,It is mediocre or I have concerns,相當好,普普通通或我有疑慮,quite often weakens rather than strengthens in British English
Praise With Reservations,It's not without merit.,Some good points but overall unimpressed,並非沒有優點,有些優點但整體不太欣賞,damning with faint praise
Praise With Reservations,It's quite interesting.,I don't really like it,相當有趣,我不太喜歡,interesting is often used to avoid saying something negative
Praise With Reservations,That's one approach.,I would not have done it this way,那是一種方法,我不會這樣做,suggests better alternatives exist
Praise With Reservations,You've certainly been busy.,Quantity may be high but quality lacking,你確實很忙碌,數量多但品質可能不足,acknowledges effort without praising results
Praise With Reservations,It shows a lot of effort.,The result is not great but you worked hard,可以看出你很努力,結果不太好但你確實努力了,praising effort to avoid criticising outcome
Praise With Reservations,That's quite brave.,That was a risky or possibly unwise decision,那相當勇敢,那是個冒險或不明智的決定,brave often implies they think it was a mistake
Praise With Reservations,I'm sure it made sense at the time.,That was a mistake,我相信當時有其道理,那是個錯誤,acknowledging a past error diplomatically
Praise With Reservations,"You've done it your way, at least.",That is not how I would have done it,至少你按自己的方式做了,那不是我會做的方式,acknowledging autonomy while expressing quiet disapproval
Social Invitations,We must get together sometime.,We will probably never meet,我們改天一定要聚一聚,我們大概不會再見,a very common British social phrase with no actual commitment behind it
Social Invitations,We should do lunch.,I am being polite but don't really mean it,我們應該一起吃個午飯,我只是在客套,a social nicety not a real plan
Social Invitations,You must come for dinner.,A vague invitation that may not happen,你一定要來我家吃飯,一個善意但模糊的邀請,friendly but rarely followed up unless you take initiative
Social Invitations,I'll let you know.,I probably won't contact you,我會告訴你的,我大概不會聯絡你,often means they are not planning to follow up
Social Invitations,Let me think about it.,I am not interested,讓我想想,我沒興趣,doesn't want to say no directly
Social Invitations,I'll try to make it.,I am not planning to come,我會盡量去,我不打算去,leaving themselves an easy exit
Social Invitations,That could be fun.,I am not particularly enthusiastic,那可能會很有趣,我不是特別熱衷,much less enthusiastic than it sounds
Social Invitations,Sounds interesting.,I may or may not be interested,聽起來很有趣,我可能有興趣也可能沒有,a non-committal response
Social Invitations,I'll bear that in mind.,I will almost certainly not act on this,我會記在心裡,我幾乎肯定不會採取行動,polite dismissal of a suggestion
Social Invitations,I'll see what I can do.,I will probably not do very much,我看看我能做什麼,我大概不會做很多,sounds helpful but means don't hold your breath
Complaints,I'm not sure that's entirely satisfactory.,I am very unhappy with this,我不確定這完全令人滿意,我對此非常不滿,a heavily understated complaint
Complaints,This is a little disappointing.,This is very bad,這有點令人失望,這非常糟糕,a little disappointing can mean a complete disaster
Complaints,I'm slightly concerned about this.,I am very worried,我對此略感擔憂,我非常擔心,slightly concerned is British for quite alarmed
Complaints,That's a bit unfortunate.,That is very bad,那有點不幸,那非常糟糕,classic British understatement
Complaints,It's not ideal.,This is a significant problem,這不太理想,這是個很大的問題,not ideal signals serious concern
Complaints,I have to say I'm a little surprised.,I am shocked and disapproving,我必須說我有點驚訝,我感到震驚並不認同,expressing displeasure in a restrained way
Complaints,That wasn't quite what we agreed.,You have not done what you promised,那不完全是我們商定的,你沒有履行承諾,a polite way of pointing out a broken promise
Complaints,I wonder if we might revisit this.,This is wrong and needs to change,我想我們是否可以重新討論,這是錯的需要改變,very indirect way of demanding reconsideration
Complaints,One might argue there's room for improvement.,This needs significant work,有人可能會說還有改進空間,這需要大幅改進,distancing from direct criticism
Complaints,I'm not entirely convinced.,I don't believe this at all,我並不完全信服,我完全不相信,sounds open-minded but means strong scepticism
Requests,Could you possibly...?,Please do this,你是否可以,請做這件事,"the more elaborate the request, the more they expect compliance"
Requests,I don't suppose you could...?,Please do this,我想你是不能吧,請做這件事,heavily softened but a definite request
Requests,When you have a moment...,Please do this soon,當你有空的時候,請盡快做這件事,sounds relaxed but actually fairly urgent
Requests,It would be wonderful if...,Please do this,如果能就太好了,請做這件事,polite but genuine request
Requests,You might want to...,You should do this,你可能應該,你應該做這件事,sounds like a suggestion but is advice or instruction
Requests,Have you considered...?,You should do this differently,你有考慮過嗎,你應該換個方式做,suggesting a different approach without saying current one is wrong
Requests,Shall we...?,Let's do this,我們好嗎,我們來做這件事吧,the question form is politeness — it is time to act
Requests,"Right, shall we get started?",Let's begin now,好了，我們開始好嗎,讓我們現在開始,a polite signal that it is time to begin
Requests,Perhaps we should wrap up.,The meeting is over,也許我們應該結束了,會議結束了,polite signal that the conversation or meeting should end
Requests,I'll let you get on.,I am leaving now,我讓你繼續忙吧,我現在要走了,polite way to signal you are ending the visit or conversation
Weather Talk,Not bad for this time of year.,The weather is actually quite nice,對這個時節來說還不錯,天氣其實相當好,British people set a very low bar for weather — this is genuine praise
Weather Talk,A bit nippy today.,It is quite cold,今天有點冷,今天相當冷,nippy means chilly — understatement for genuinely cold weather
Weather Talk,"Rather grey, isn't it.",It is very overcast and gloomy,相當陰沉不是嗎,非常陰暗沉悶,acknowledging bad weather in a characteristically restrained way
Weather Talk,Mustn't grumble.,Things are okay but not great,不能抱怨,事情還可以但不算好,a classic British expression of quiet acceptance
Weather Talk,Can't complain.,I am doing okay,沒什麼好抱怨的,我還過得去,similar to mustn't grumble
Weather Talk,We've been lucky with the weather.,The weather has been better than expected,我們天氣運氣不錯,天氣比預期的好,British people genuinely celebrate when weather is better than bad
Weather Talk,Looks like it might brighten up later.,I am being optimistic despite the evidence,看起來稍後可能會放晴,我在保持樂觀儘管跡象不明朗,British optimism about weather is rarely justified but always present
Weather Talk,"It's not exactly summer, is it.",It is cold and unpleasant,這不完全是夏天不是嗎,天氣寒冷令人不愉快,dry British humour about poor weather
Weather Talk,Good drying weather.,It is windy and useful for laundry even if unpleasant,適合晾衣服的天氣,天氣多風適合晾衣但不怎麼好,finding a silver lining in bad weather
Weather Talk,Bit of a mixed bag today.,The weather is unpredictable and changeable,今天有點反覆,天氣不穩定多變,mixed bag means a combination of good and bad
Farewells,I won't keep you.,I am ending this conversation now,我不會佔用你太多時間,我現在要結束這段對話,a polite signal to end a conversation
Farewells,Must dash.,I need to leave immediately,我得趕快走了,我需要立刻離開,a breezy British way of saying I have to go
Farewells,"Right, I'd better be off.",I am leaving now,好了，我最好走了,我現在要離開了,standard British phrase for preparing to leave
Farewells,Lovely to see you.,It was genuinely good to see you,很高興見到你,真的很高興見到你,sincere — British people mean this when they say it
Farewells,We'll have to do this again.,"I enjoyed this and mean it, or just being polite",我們要再這樣做,我喜歡這次聚會或只是客套,depends on context — watch for follow-up
Farewells,Safe journey.,Take care travelling home,一路平安,回家路上注意安全,a warm farewell when someone has a trip ahead
Farewells,Speak soon.,I will probably not initiate contact,很快聯絡,我大概不會主動聯絡,sounds like a plan but often isn't
Farewells,Mind how you go.,Take care — genuine friendly farewell,路上小心,小心一點，真誠的告別,a warm and genuinely meant farewell especially among older British people
