Category,Word,Part of Speech,Traditional Chinese,Definition,Example Sentence
Nouns - Technology,phone,noun,電話手機,a device for communication,She checked her phone.
Nouns - Technology,smartphone,noun,智慧型手機,a mobile phone with internet access,He got a new smartphone.
Nouns - Technology,computer,noun,電腦,an electronic device for data processing,She works on a computer.
Nouns - Technology,laptop,noun,筆記型電腦,a portable computer,He brought his laptop to the cafe.
Nouns - Technology,tablet,noun,平板電腦,a portable touchscreen device,She reads on her tablet.
Nouns - Technology,screen,noun,螢幕,a flat surface displaying images,The screen cracked.
Nouns - Technology,keyboard,noun,鍵盤,a set of keys for input,He typed on the keyboard.
Nouns - Technology,mouse,noun,滑鼠,a pointing device for a computer,The mouse isn't working.
Nouns - Technology,charger,noun,充電器,a device for charging batteries,I forgot my charger.
Nouns - Technology,cable,noun,線,a wire transmitting power or data,Pass me the cable.
Nouns - Technology,internet,noun,網際網路,a global network of computers,The internet is down.
Nouns - Technology,website,noun,網站,a set of pages on the internet,Visit our website.
Nouns - Technology,app,noun,應用程式,a software application,Download the app.
Nouns - Technology,software,noun,軟體,programs that run on a computer,Update your software.
Nouns - Technology,password,noun,密碼,a secret code for access,Change your password regularly.
Nouns - Technology,username,noun,使用者名稱,a name used to log in,Enter your username.
Nouns - Technology,email,noun,電子郵件,electronic mail,She sent an email.
Nouns - Technology,message,noun,訊息,a piece of written communication,Did you get my message?
Nouns - Technology,notification,noun,通知,an alert from a device,I turned off my notifications.
Nouns - Technology,social media,noun,社群媒體,online platforms for sharing content,She spends time on social media.
Nouns - Technology,camera,noun,相機,a device for taking photos,He took photos with his camera.
Nouns - Technology,video,noun,影片,a moving image recording,She uploaded a video.
Nouns - Technology,photo,noun,照片,a still image,He took a photo.
Nouns - Technology,file,noun,檔案,a stored collection of data,Save the file.
Nouns - Technology,folder,noun,資料夾,a directory for storing files,Put it in the folder.
Nouns - Technology,cloud,noun,雲端,remote internet-based storage,Back it up to the cloud.
Nouns - Technology,Wi-Fi,noun,無線網路,wireless internet connection,What is the Wi-Fi password?
Nouns - Technology,Bluetooth,noun,藍牙,short-range wireless technology,Connect via Bluetooth.
Nouns - Technology,printer,noun,印表機,a device for printing documents,The printer is out of ink.
Nouns - Technology,speaker,noun,喇叭,a device for producing sound,Turn up the speaker.
Nouns - Technology,headphones,noun,耳機,a device for listening to audio,She listened with headphones.
Nouns - Technology,microphone,noun,麥克風,a device for recording sound,The microphone isn't working.
Nouns - Technology,router,noun,路由器,a device for connecting to the internet,Restart the router.
Nouns - Technology,data,noun,數據,information stored digitally,This uses a lot of data.
Nouns - Technology,download,noun,下載,transferring data to a device,The download is complete.
Nouns - Technology,upload,noun,上傳,sending data to a server,The upload is slow.
Nouns - Technology,update,noun,更新,a new version of software,Install the update.
Nouns - Technology,bug,noun,程式漏洞,an error in software,There is a bug in the system.
Nouns - Technology,virus,noun,電腦病毒,malicious software,A virus infected the computer.
Nouns - Technology,backup,noun,備份,a copy of data for safety,Make a backup of your files.
Nouns - Technology,code,noun,程式碼,instructions written for a computer,She writes clean code.
Nouns - Technology,algorithm,noun,演算法,a set of rules for solving a problem,The algorithm sorted the data.
Nouns - Technology,artificial intelligence,noun,人工智慧,machine simulation of intelligence,AI is transforming industries.
Nouns - Technology,account,noun,帳號,a record for accessing a service,Log into your account.
Nouns - Technology,subscription,noun,訂閱,a paid plan for a service,She has a monthly subscription.
Nouns - Technology,screenshot,noun,截圖,an image of your screen,Take a screenshot.
Nouns - Technology,storage,noun,儲存空間,space for saving data,Free up storage on your phone.
Nouns - Technology,developer,noun,開發者,a person who creates software,She is a software developer.
Nouns - Technology,programming,noun,程式設計,writing computer code,He studies programming.
Nouns - Technology,cybersecurity,noun,網路安全,protecting digital systems,Cybersecurity is a top priority.
Nouns - Technology,streaming,noun,串流,playing media over the internet,She subscribes to a streaming service.
Nouns - Technology,podcast,noun,播客,an audio programme available online,He listens to podcasts.
Nouns - Technology,drone,noun,無人機,an unmanned flying device,The drone filmed the area.
Nouns - Technology,blockchain,noun,區塊鏈,a digital record of transactions,Blockchain is secure.
Nouns - Technology,cryptocurrency,noun,加密貨幣,a digital currency,Bitcoin is a cryptocurrency.
Nouns - Health & Medicine,health,noun,健康,the state of being well,Good health is very important.
Nouns - Health & Medicine,illness,noun,疾病,a disease or sickness,She recovered from a serious illness.
Nouns - Health & Medicine,disease,noun,病,a disorder of the body,Heart disease is very common.
Nouns - Health & Medicine,symptom,noun,症狀,a sign of illness,Fever is a symptom of flu.
Nouns - Health & Medicine,pain,noun,疼痛,a feeling of discomfort,She felt pain in her knee.
Nouns - Health & Medicine,headache,noun,頭痛,pain in the head,I have a terrible headache.
Nouns - Health & Medicine,stomachache,noun,胃痛,pain in the stomach,He had a stomachache after eating.
Nouns - Health & Medicine,backache,noun,背痛,pain in the back,She suffers from backache.
Nouns - Health & Medicine,toothache,noun,牙痛,pain in a tooth,She went to the dentist for her toothache.
Nouns - Health & Medicine,fever,noun,發燒,high body temperature,He had a high fever.
Nouns - Health & Medicine,cold,noun,感冒,a common upper respiratory illness,I caught a cold last week.
Nouns - Health & Medicine,flu,noun,流感,influenza,She was in bed with the flu.
Nouns - Health & Medicine,cough,noun,咳嗽,an expulsion of air from the lungs,He had a dry cough.
Nouns - Health & Medicine,sneeze,noun,打噴嚏,a sudden expulsion of air from the nose,She sneezed three times.
Nouns - Health & Medicine,rash,noun,皮疹,a reddening of the skin,He developed a rash on his arm.
Nouns - Health & Medicine,infection,noun,感染,an invasion of harmful microbes,The wound got infected.
Nouns - Health & Medicine,injury,noun,受傷,physical harm to the body,He had a sports injury.
Nouns - Health & Medicine,fracture,noun,骨折,a broken bone,She had a fracture in her wrist.
Nouns - Health & Medicine,surgery,noun,手術,a medical operation,He had heart surgery.
Nouns - Health & Medicine,operation,noun,手術,a surgical procedure,The operation went well.
Nouns - Health & Medicine,treatment,noun,治療,medical care for an illness,She is undergoing treatment.
Nouns - Health & Medicine,medicine,noun,藥,a substance for treating illness,Take the medicine with food.
Nouns - Health & Medicine,pill,noun,藥片,a small tablet of medicine,Take one pill twice daily.
Nouns - Health & Medicine,injection,noun,注射,medicine given by syringe,The nurse gave her an injection.
Nouns - Health & Medicine,vaccine,noun,疫苗,a preparation that prevents disease,Get your vaccine today.
Nouns - Health & Medicine,prescription,noun,處方,a doctor's written order for medicine,He filled his prescription.
Nouns - Health & Medicine,appointment,noun,預約,a scheduled meeting with a doctor,I have a doctor's appointment.
Nouns - Health & Medicine,diagnosis,noun,診斷,identifying a disease,The diagnosis took a week.
Nouns - Health & Medicine,emergency,noun,緊急情況,a sudden serious situation,This is a medical emergency.
Nouns - Health & Medicine,ward,noun,病房,a room in a hospital,She was in the maternity ward.
Nouns - Health & Medicine,recovery,noun,康復,returning to health,Her recovery was quick.
Nouns - Health & Medicine,exercise,noun,運動,physical activity for health,Regular exercise prevents disease.
Nouns - Health & Medicine,stress,noun,壓力,mental tension,High stress can affect your health.
Nouns - Health & Medicine,sleep,noun,睡眠,the state of rest,Good sleep is essential for health.
Nouns - Health & Medicine,hygiene,noun,衛生,practices that preserve health,Good hygiene prevents infection.
Nouns - Health & Medicine,nutrition,noun,營養,the intake of food for health,Good nutrition is important.
Nouns - Health & Medicine,vitamin,noun,維生素,a nutrient essential for health,Take your vitamins.
Nouns - Health & Medicine,blood pressure,noun,血壓,the pressure of blood in the arteries,Check your blood pressure.
Nouns - Health & Medicine,heart rate,noun,心率,the speed of heartbeats,Her heart rate was elevated.
Nouns - Health & Medicine,weight,noun,體重,how heavy someone is,He lost weight through exercise.
Nouns - Health & Medicine,mental health,noun,心理健康,emotional and psychological wellbeing,Mental health matters.
Nouns - Health & Medicine,therapy,noun,治療,treatment for a condition,She attends physical therapy.
Nouns - Health & Medicine,rehabilitation,noun,康復治療,restoring health or ability,He completed rehabilitation.
Nouns - Health & Medicine,dosage,noun,劑量,the amount of medicine taken,Follow the dosage instructions.
Nouns - Health & Medicine,side effect,noun,副作用,an unwanted effect of medicine,Ask about side effects.
Nouns - Health & Medicine,blood test,noun,血液檢測,an analysis of blood,She had a blood test.
Nouns - Health & Medicine,first aid,noun,急救,emergency medical help,Give first aid.
Nouns - Health & Medicine,emergency room,noun,急診室,where urgent cases are treated,Go to the emergency room.
Nouns - Health & Medicine,specialist,noun,專科醫生,a doctor expert in a field,See a specialist.
Nouns - Health & Medicine,general practitioner,noun,全科醫師,a family doctor,Visit your GP first.
Nouns - Health & Medicine,bandage,noun,繃帶,a strip for wrapping a wound,Apply a bandage.
Nouns - Health & Medicine,wheelchair,noun,輪椅,a chair with wheels for mobility,She uses a wheelchair.
Nouns - Health & Medicine,crutch,noun,拐杖,a support for walking with an injury,He uses crutches.
Nouns - Education,classroom,noun,教室,a room for teaching,The classroom was full.
Nouns - Education,lesson,noun,課程,a period of teaching,The lesson lasted an hour.
Nouns - Education,class,noun,班級課程,a group of students or teaching period,The class starts at 9am.
Nouns - Education,lecture,noun,演講授課,a formal talk on a subject,The lecture was very interesting.
Nouns - Education,course,noun,課程,a series of classes on a subject,I'm taking an online course.
Nouns - Education,subject,noun,科目,a branch of knowledge studied,What is your favourite subject?
Nouns - Education,curriculum,noun,課程綱要,the subjects taught at a school,The curriculum was updated.
Nouns - Education,homework,noun,作業,school work done at home,He finished his homework.
Nouns - Education,assignment,noun,作業任務,a task given by a teacher,The assignment is due tomorrow.
Nouns - Education,project,noun,專案,a long piece of work,Our project is on climate change.
Nouns - Education,exam,noun,考試,a formal test of knowledge,She passed the exam.
Nouns - Education,test,noun,小考,a short assessment,We have a test tomorrow.
Nouns - Education,quiz,noun,小測驗,a short informal test,There is a quiz on Friday.
Nouns - Education,grade,noun,成績,a mark given for school work,She got top grades.
Nouns - Education,score,noun,分數,the number of marks achieved,His score was 95%.
Nouns - Education,pass,noun,及格,achieving the required standard,She got a pass in the exam.
Nouns - Education,fail,noun,不及格,not achieving the required standard,He was afraid to fail.
Nouns - Education,certificate,noun,證書,a document proving achievement,She received a certificate.
Nouns - Education,degree,noun,學位,a qualification from university,He has a degree in economics.
Nouns - Education,diploma,noun,文憑,a qualification below a degree,She earned a diploma.
Nouns - Education,scholarship,noun,獎學金,money given to a student,He received a scholarship.
Nouns - Education,textbook,noun,教科書,a book used for a subject,Buy the textbook before class.
Nouns - Education,notebook,noun,筆記本,a book for writing notes,She filled her notebook.
Nouns - Education,pen,noun,筆,a writing instrument with ink,Lend me your pen.
Nouns - Education,pencil,noun,鉛筆,a writing instrument with graphite,Use a pencil for the sketch.
Nouns - Education,ruler,noun,尺,a straight measuring tool,Draw a line with a ruler.
Nouns - Education,calculator,noun,計算機,a device for mathematical calculations,Use a calculator for the sums.
Nouns - Education,dictionary,noun,字典,a book of word definitions,Look it up in the dictionary.
Nouns - Education,essay,noun,文章論文,a piece of writing on a topic,Write a 500-word essay.
Nouns - Education,report,noun,報告,a detailed account or document,Submit the report by Friday.
Nouns - Education,presentation,noun,簡報,a talk to an audience,She gave a great presentation.
Nouns - Education,research,noun,研究,careful study of a topic,His research took two years.
Nouns - Education,experiment,noun,實驗,a scientific test,They conducted an experiment.
Nouns - Education,knowledge,noun,知識,facts learned or understood,Knowledge is power.
Nouns - Education,skill,noun,技能,an ability to do something well,She has strong writing skills.
Nouns - Education,education,noun,教育,the process of teaching and learning,Education is a right.
Nouns - Education,language,noun,語言,a system of communication,She speaks two languages.
Nouns - Education,grammar,noun,文法,the rules of a language,Study English grammar.
Nouns - Education,vocabulary,noun,詞彙,the words known by a person,Build your vocabulary daily.
Nouns - Education,spelling,noun,拼字,the way a word is spelt,Check your spelling.
Nouns - Education,pronunciation,noun,發音,how a word is spoken,Practice your pronunciation.
Nouns - Education,translation,noun,翻譯,converting text from one language to another,The translation was accurate.
Nouns - Education,meaning,noun,意思,what a word or phrase signifies,What is the meaning of this word?
Nouns - Education,example,noun,例子,something used to illustrate a rule,Give me an example.
Nouns - Education,revision,noun,複習,reviewing material already studied,She spent the week on revision.
Nouns - Education,graduation,noun,畢業,completing a course of study,Her graduation is in June.
Nouns - Work & Business,job,noun,工作,regular paid employment,She got a new job.
Nouns - Work & Business,work,noun,工作,a task or employment,He has a lot of work.
Nouns - Work & Business,career,noun,職涯,a long-term occupation,She built a successful career.
Nouns - Work & Business,profession,noun,職業,a paid occupation requiring qualifications,Medicine is a noble profession.
Nouns - Work & Business,position,noun,職位,a person's role in an organisation,She applied for the position.
Nouns - Work & Business,salary,noun,薪資,monthly pay for a job,He negotiated a higher salary.
Nouns - Work & Business,wage,noun,工資,pay earned per hour,The minimum wage increased.
Nouns - Work & Business,income,noun,收入,money earned regularly,Her income covers her expenses.
Nouns - Work & Business,bonus,noun,獎金,extra payment for good performance,He received a bonus.
Nouns - Work & Business,promotion,noun,晉升,moving to a higher position,She was given a promotion.
Nouns - Work & Business,raise,noun,加薪,an increase in pay,He asked for a raise.
Nouns - Work & Business,contract,noun,合約,a legally binding agreement,Sign the contract.
Nouns - Work & Business,deadline,noun,截止日期,the latest time for a task,Meet the deadline.
Nouns - Work & Business,meeting,noun,會議,a gathering to discuss something,The meeting starts at 10.
Nouns - Work & Business,conference,noun,研討會,a formal meeting of many people,She attended the conference.
Nouns - Work & Business,proposal,noun,提案,a plan put forward for consideration,He wrote a business proposal.
Nouns - Work & Business,budget,noun,預算,a plan for money,Stay within the budget.
Nouns - Work & Business,profit,noun,利潤,money gained after expenses,The company made a profit.
Nouns - Work & Business,loss,noun,損失,money spent more than earned,The business reported a loss.
Nouns - Work & Business,revenue,noun,收入營收,income from business activities,Revenue increased this year.
Nouns - Work & Business,expense,noun,支出,money spent on something,Track your expenses.
Nouns - Work & Business,invoice,noun,發票,a document requesting payment,Send the invoice to the client.
Nouns - Work & Business,receipt,noun,收據,proof of payment,Keep your receipt.
Nouns - Work & Business,client,noun,客戶,a person who uses a service,The client was satisfied.
Nouns - Work & Business,supplier,noun,供應商,a company that provides goods,Our supplier is reliable.
Nouns - Work & Business,competitor,noun,競爭者,a rival in business,They outperformed the competitor.
Nouns - Work & Business,industry,noun,產業,a branch of economic activity,The tech industry is booming.
Nouns - Work & Business,company,noun,公司,an organisation for business,She works for a large company.
Nouns - Work & Business,startup,noun,新創公司,a new business venture,She founded a startup.
Nouns - Work & Business,department,noun,部門,a division of an organisation,She manages the sales department.
Nouns - Work & Business,staff,noun,員工,the employees of an organisation,The staff are very dedicated.
Nouns - Work & Business,management,noun,管理層,the people who run an organisation,Management approved the plan.
Nouns - Work & Business,strategy,noun,策略,a plan of action,The marketing strategy worked.
Nouns - Work & Business,goal,noun,目標,an aim or objective,Set clear goals.
Nouns - Work & Business,target,noun,目標量化,a specific result to achieve,They hit their sales target.
Nouns - Work & Business,agreement,noun,協議,a mutual decision,They reached an agreement.
Nouns - Work & Business,negotiation,noun,協商,discussion to reach an agreement,The negotiation was tough.
Nouns - Work & Business,interview,noun,面試,a formal discussion for a job,She had a job interview.
Nouns - Work & Business,resume,noun,履歷,a document of work experience,Update your resume.
Nouns - Work & Business,feedback,noun,回饋,comments on performance,Give honest feedback.
Nouns - Work & Business,training,noun,訓練,instruction for a job,She completed the training.
Nouns - Work & Business,workshop,noun,工作坊,a hands-on learning session,They held a writing workshop.
Nouns - Work & Business,employer,noun,雇主,a person or company that employs,The employer offered a good salary.
Nouns - Work & Business,applicant,noun,應徵者,a person applying for a job,There were 50 applicants.
Nouns - Work & Business,resignation,noun,辭職,leaving a job voluntarily,She handed in her resignation.
Nouns - Work & Business,retirement,noun,退休,stopping work at the end of a career,He is looking forward to retirement.
Nouns - Work & Business,overtime,noun,加班,work done beyond regular hours,She worked overtime this week.
Nouns - Work & Business,break,noun,休息時間,a pause from work,Take a 10-minute break.
Nouns - Work & Business,remote work,noun,遠距工作,working from home,She prefers remote work.
Nouns - Nature,nature,noun,大自然,the natural world,She loves spending time in nature.
Nouns - Nature,environment,noun,環境,the surroundings of living things,We must protect the environment.
Nouns - Nature,weather,noun,天氣,the state of the atmosphere,The weather is unpredictable.
Nouns - Nature,climate,noun,氣候,the usual weather in an area,The climate is changing.
Nouns - Nature,season,noun,季節,one of the four annual periods,Spring is my favourite season.
Nouns - Nature,spring,noun,春天,the season after winter,Flowers bloom in spring.
Nouns - Nature,summer,noun,夏天,the warmest season,It is very hot in summer.
Nouns - Nature,autumn,noun,秋天,the season after summer,Leaves fall in autumn.
Nouns - Nature,winter,noun,冬天,the coldest season,It snows in winter.
Nouns - Nature,sun,noun,太陽,the star that gives light and heat,The sun is very bright today.
Nouns - Nature,moon,noun,月亮,the natural satellite of the earth,The moon is full tonight.
Nouns - Nature,star,noun,星星,a burning ball of gas in space,The stars are beautiful.
Nouns - Nature,sky,noun,天空,the space above the earth,The sky is clear and blue.
Nouns - Nature,rain,noun,雨,water falling from clouds,The rain fell heavily.
Nouns - Nature,snow,noun,雪,frozen water falling from the sky,The snow was deep.
Nouns - Nature,wind,noun,風,air moving naturally,A strong wind blew.
Nouns - Nature,storm,noun,暴風雨,a period of severe weather,The storm damaged many buildings.
Nouns - Nature,thunder,noun,雷聲,the loud noise during a storm,Thunder woke me up.
Nouns - Nature,lightning,noun,閃電,a flash of electricity in the sky,Lightning struck the tree.
Nouns - Nature,fog,noun,霧,a thick cloud of water droplets,Fog reduced visibility.
Nouns - Nature,ice,noun,冰,frozen water,The road was covered in ice.
Nouns - Nature,flood,noun,洪水,an overflow of water over land,The flood destroyed homes.
Nouns - Nature,drought,noun,旱災,a long period without rain,The drought killed the crops.
Nouns - Nature,earthquake,noun,地震,a shaking of the earth,The earthquake measured 6.5.
Nouns - Nature,volcano,noun,火山,a mountain that can erupt,The volcano erupted.
Nouns - Nature,humidity,noun,濕度,the amount of moisture in the air,The humidity is very high.
Nouns - Nature,air,noun,空氣,the gases surrounding the earth,Fresh air is good for you.
Nouns - Nature,fire,noun,火,burning with flames,Keep away from fire.
Nouns - Nature,earth,noun,泥土地球,the ground or our planet,Plant the seeds in the earth.
Nouns - Nature,rock,noun,石頭,a hard natural material,She picked up a smooth rock.
Nouns - Nature,sand,noun,沙子,loose grains of rock,The children played in the sand.
Nouns - Nature,soil,noun,土壤,the layer of earth for plant growth,Rich soil grows healthy crops.
Nouns - Nature,mud,noun,泥巴,wet sticky earth,His boots were covered in mud.
Nouns - Nature,dust,noun,灰塵,fine particles of dirt,Dust covered the old books.
Nouns - Nature,tree,noun,樹,a tall plant with a trunk,The oak tree is very old.
Nouns - Nature,plant,noun,植物,a living organism that grows in soil,Water the plant daily.
Nouns - Nature,flower,noun,花,the colourful part of a plant,The flowers are beautiful.
Nouns - Nature,grass,noun,草,green plants covering ground,Lie on the grass.
Nouns - Nature,leaf,noun,葉子,the flat part of a plant,The leaves change colour.
Nouns - Nature,root,noun,樹根,the underground part of a plant,The roots are deep.
Nouns - Nature,branch,noun,樹枝,a part growing from the trunk,The branch broke.
Nouns - Nature,seed,noun,種子,the start of a new plant,Plant the seed in spring.
Nouns - Nature,wave,noun,海浪,a moving ridge on water,Big waves hit the shore.
Nouns - Nature,shore,noun,海岸,the edge of the sea or lake,They walked along the shore.
Nouns - Nature,cliff,noun,懸崖,a steep rock face,The cliff dropped to the sea.
Nouns - Nature,cave,noun,洞穴,a hollow space in rock,Bats live in the cave.
Nouns - Nature,valley,noun,山谷,low land between mountains,A river runs through the valley.
Nouns - Nature,hill,noun,小山,a raised area of land,They walked up the hill.
Nouns - Nature,peak,noun,山頂,the top of a mountain,They reached the peak.
Nouns - Nature,animal,noun,動物,a living creature,Wild animals live here.
Nouns - Nature,bird,noun,鳥,a feathered animal,A bird sang in the tree.
Nouns - Nature,insect,noun,昆蟲,a small six-legged creature,Bees are useful insects.
Nouns - Nature,dog,noun,狗,a domestic animal,The dog wagged its tail.
Nouns - Nature,cat,noun,貓,a small furry domestic animal,The cat sat by the window.
Nouns - Nature,horse,noun,馬,a large animal used for riding,She rode a horse.
Nouns - Nature,cow,noun,牛,a large farm animal,The cow grazed in the field.
Nouns - Nature,pig,noun,豬,a farm animal,The pig rolled in the mud.
Nouns - Nature,pollution,noun,污染,contamination of the environment,Air pollution is a problem.
Nouns - Nature,energy,noun,能源,power from natural resources,Solar energy is clean.
Nouns - Nature,wildlife,noun,野生動物,animals living in natural habitats,Protect wildlife.
Nouns - Nature,habitat,noun,棲息地,the natural environment of an animal,Deforestation destroys habitat.
Nouns - Nature,extinction,noun,滅絕,the dying out of a species,Some animals face extinction.
Nouns - Nature,climate change,noun,氣候變遷,a long-term shift in global temperatures,Climate change is a serious issue.
Nouns - Nature,global warming,noun,全球暖化,the rise in the earth's temperature,Global warming affects us all.
Nouns - Nature,carbon footprint,noun,碳足跡,the amount of carbon dioxide released,Reduce your carbon footprint.
Nouns - Nature,renewable energy,noun,再生能源,energy from a naturally replenished source,Invest in renewable energy.
Nouns - Time,time,noun,時間,the ongoing sequence of events,What time is it?
Nouns - Time,second,noun,秒,1/60 of a minute,Wait just a second.
Nouns - Time,minute,noun,分鐘,60 seconds,I'll be there in five minutes.
Nouns - Time,hour,noun,小時,60 minutes,The meeting lasted an hour.
Nouns - Time,day,noun,天,a 24-hour period,She works five days a week.
Nouns - Time,week,noun,星期,seven days,I'll see you next week.
Nouns - Time,month,noun,月,one of twelve periods of the year,She visits once a month.
Nouns - Time,year,noun,年,365 days,He has lived here for ten years.
Nouns - Time,decade,noun,十年,a period of ten years,A lot changed in a decade.
Nouns - Time,century,noun,世紀,a period of one hundred years,It happened two centuries ago.
Nouns - Time,morning,noun,早上,the early part of the day,I love quiet mornings.
Nouns - Time,noon,noun,正午,midday,They met at noon.
Nouns - Time,afternoon,noun,下午,the time from noon to evening,I have a meeting in the afternoon.
Nouns - Time,evening,noun,傍晚晚上,the later part of the day,Let's meet in the evening.
Nouns - Time,night,noun,夜晚,the dark period of the day,She works at night.
Nouns - Time,midnight,noun,午夜,12 o'clock at night,They arrived at midnight.
Nouns - Time,dawn,noun,黎明,the first light of day,She woke at dawn.
Nouns - Time,dusk,noun,黃昏,the time just after sunset,The sky turned orange at dusk.
Nouns - Time,today,noun,今天,the current day,What are you doing today?
Nouns - Time,tomorrow,noun,明天,the day after today,See you tomorrow.
Nouns - Time,yesterday,noun,昨天,the day before today,I saw her yesterday.
Nouns - Time,weekend,noun,週末,Saturday and Sunday,What are your weekend plans?
Nouns - Time,weekday,noun,工作日,Monday to Friday,I commute on weekdays.
Nouns - Time,holiday,noun,假日,a day of rest or celebration,It's a public holiday.
Nouns - Time,vacation,noun,假期,an extended period of rest,They went on vacation.
Nouns - Time,schedule,noun,行程表,a plan of times and events,Check the schedule.
Nouns - Time,timetable,noun,時刻表,a table showing times,Look at the timetable.
Nouns - Time,routine,noun,日常作息,a regular sequence of actions,He has a morning routine.
Nouns - Time,moment,noun,時刻,a very short period of time,Just a moment please.
Nouns - Time,period,noun,時期,a length of time,This is a difficult period.
Nouns - Time,past,noun,過去,the time that has gone by,Let go of the past.
Nouns - Time,present,noun,現在,the time happening now,Focus on the present.
Nouns - Time,future,noun,未來,the time yet to come,Plan for the future.
Nouns - Time,anniversary,noun,週年紀念日,a yearly celebration of an event,Happy anniversary!
Nouns - Time,birthday,noun,生日,the anniversary of someone's birth,Happy birthday!
Nouns - Time,festival,noun,節日,a celebration,The festival was colourful.
Nouns - Time,occasion,noun,場合,a particular event or time,Dress for the occasion.
Nouns - Time,event,noun,活動,something that happens,The event was a success.
Nouns - Time,date,noun,日期,a specific day,What is the date today?
Nouns - Time,calendar,noun,日曆,a chart showing days of the year,Check the calendar.
Nouns - Time,alarm,noun,鬧鐘,a device that makes a sound at a set time,Set your alarm.
Nouns - Time,sunrise,noun,日出,when the sun rises,They watched the sunrise.
Nouns - Time,sunset,noun,日落,when the sun sets,The sunset was beautiful.
Nouns - Time,generation,noun,世代,a group of people born around the same time,Each generation faces challenges.
Nouns - Time,era,noun,時代,a long distinct period,The digital era has begun.
Nouns - Abstract & Emotions,love,noun,愛,a deep feeling of affection,Love is important.
Nouns - Abstract & Emotions,hate,noun,仇恨,a strong dislike,Hate never helps.
Nouns - Abstract & Emotions,happiness,noun,快樂,the state of being happy,Happiness comes from within.
Nouns - Abstract & Emotions,sadness,noun,悲傷,a feeling of sorrow,She felt deep sadness.
Nouns - Abstract & Emotions,anger,noun,憤怒,a feeling of strong displeasure,He felt anger rise inside him.
Nouns - Abstract & Emotions,fear,noun,恐懼,an unpleasant emotion from danger,She overcame her fear.
Nouns - Abstract & Emotions,joy,noun,喜悅,a feeling of great pleasure,The birth brought joy.
Nouns - Abstract & Emotions,grief,noun,悲痛,deep sorrow,She was overcome with grief.
Nouns - Abstract & Emotions,hope,noun,希望,a desire for something good to happen,There is always hope.
Nouns - Abstract & Emotions,despair,noun,絕望,a complete loss of hope,He felt despair.
Nouns - Abstract & Emotions,confidence,noun,自信,a belief in your own ability,She spoke with confidence.
Nouns - Abstract & Emotions,anxiety,noun,焦慮,a feeling of worry,Exam anxiety is common.
Nouns - Abstract & Emotions,loneliness,noun,孤獨,a feeling of being alone,Moving abroad can cause loneliness.
Nouns - Abstract & Emotions,pride,noun,驕傲,satisfaction in achievements,He felt pride in his work.
Nouns - Abstract & Emotions,shame,noun,羞恥,a feeling of disgrace,He felt shame for what he did.
Nouns - Abstract & Emotions,guilt,noun,罪惡感,a feeling of having done wrong,She felt guilt for lying.
Nouns - Abstract & Emotions,jealousy,noun,嫉妒,envy of another's advantage,Jealousy can ruin friendships.
Nouns - Abstract & Emotions,excitement,noun,興奮,a feeling of enthusiasm,She couldn't hide her excitement.
Nouns - Abstract & Emotions,curiosity,noun,好奇心,a desire to know more,Curiosity leads to learning.
Nouns - Abstract & Emotions,surprise,noun,驚訝,an unexpected feeling,The gift was a surprise.
Nouns - Abstract & Emotions,trust,noun,信任,a belief in someone's reliability,Trust is built over time.
Nouns - Abstract & Emotions,respect,noun,尊重,admiration for someone,Show respect for others.
Nouns - Abstract & Emotions,empathy,noun,同理心,understanding another's feelings,Empathy is important.
Nouns - Abstract & Emotions,compassion,noun,同情心,care for another's suffering,She showed great compassion.
Nouns - Abstract & Emotions,courage,noun,勇氣,the ability to face fear,She showed great courage.
Nouns - Abstract & Emotions,patience,noun,耐心,the ability to wait calmly,Patience is a virtue.
Nouns - Abstract & Emotions,honesty,noun,誠實,the quality of being truthful,Honesty is the best policy.
Nouns - Abstract & Emotions,kindness,noun,善意,the quality of being kind,A small act of kindness matters.
Nouns - Abstract & Emotions,friendship,noun,友情,the state of being friends,True friendship is rare.
Nouns - Abstract & Emotions,loyalty,noun,忠誠,faithfulness to someone,Her loyalty was unwavering.
Nouns - Abstract & Emotions,freedom,noun,自由,the state of being free,Freedom is a basic right.
Nouns - Abstract & Emotions,justice,noun,正義,fairness in treatment,They fought for justice.
Nouns - Abstract & Emotions,truth,noun,真相,the actual facts,Always seek the truth.
Nouns - Abstract & Emotions,lie,noun,謊言,an untrue statement,She told a lie.
Nouns - Abstract & Emotions,opinion,noun,意見,a personal view,What is your opinion?
Nouns - Abstract & Emotions,belief,noun,信仰信念,something accepted as true,He held strong beliefs.
Nouns - Abstract & Emotions,attitude,noun,態度,a way of thinking or feeling,A positive attitude helps.
Nouns - Abstract & Emotions,motivation,noun,動力,a reason to do something,What is your motivation?
Nouns - Abstract & Emotions,ambition,noun,抱負,a desire to achieve something,She has great ambition.
Nouns - Abstract & Emotions,dream,noun,夢想,an aspiration,Follow your dream.
Nouns - Abstract & Emotions,imagination,noun,想像力,the ability to form images,Children have vivid imagination.
Nouns - Abstract & Emotions,creativity,noun,創造力,the ability to make new things,Creativity drives innovation.
Nouns - Abstract & Emotions,memory,noun,記憶,the ability to recall past events,She has a strong memory.
Nouns - Abstract & Emotions,wisdom,noun,智慧,good judgment based on experience,Age brings wisdom.
Nouns - Abstract & Emotions,intelligence,noun,智力,the ability to learn and understand,She has great intelligence.
Nouns - Abstract & Emotions,talent,noun,才能,a natural ability,He has a talent for music.
Nouns - Abstract & Emotions,habit,noun,習慣,a regular practice,Develop healthy habits.
Nouns - Abstract & Emotions,culture,noun,文化,the customs of a people,She respects other cultures.
Nouns - Abstract & Emotions,tradition,noun,傳統,a long-established custom,They follow family traditions.
Nouns - Abstract & Emotions,success,noun,成功,achieving what you aimed for,Hard work leads to success.
Nouns - Abstract & Emotions,failure,noun,失敗,not achieving what you aimed for,Failure teaches us lessons.
Nouns - Abstract & Emotions,experience,noun,經驗,knowledge gained from events,Experience is valuable.
Nouns - Abstract & Emotions,opportunity,noun,機會,a favourable situation,Don't miss the opportunity.
Nouns - Abstract & Emotions,challenge,noun,挑戰,a difficult task,She accepted the challenge.
Nouns - Abstract & Emotions,problem,noun,問題,a difficult situation,We solved the problem.
Nouns - Abstract & Emotions,solution,noun,解決方案,a way of solving a problem,Find a practical solution.
Nouns - Abstract & Emotions,idea,noun,想法,a thought or suggestion,He had a great idea.
Nouns - Abstract & Emotions,plan,noun,計劃,a course of action,Stick to the plan.
Nouns - Abstract & Emotions,decision,noun,決定,a choice made after thinking,It was a difficult decision.
Nouns - Abstract & Emotions,change,noun,改變,the process of becoming different,Change is inevitable.
Nouns - Abstract & Emotions,progress,noun,進步,forward movement or improvement,We are making progress.
Nouns - Abstract & Emotions,responsibility,noun,責任,a duty to do something,Accept your responsibility.
Nouns - Abstract & Emotions,right,noun,權利,something one is entitled to,Everyone has the right to speak.
Nouns - Abstract & Emotions,choice,noun,選擇,the act of picking between options,It's your choice.
Nouns - Abstract & Emotions,consequence,noun,後果,a result of an action,Think about the consequences.
Nouns - Abstract & Emotions,effort,noun,努力,energy put into doing something,She put in a lot of effort.
Nouns - Abstract & Emotions,result,noun,結果,the outcome of something,The result surprised everyone.
Nouns - Abstract & Emotions,relationship,noun,關係,a connection between people,They have a strong relationship.
Nouns - Abstract & Emotions,communication,noun,溝通,the exchange of information,Good communication is key.
Nouns - Abstract & Emotions,support,noun,支持,help given to someone,Thank you for your support.
Nouns - Abstract & Emotions,conflict,noun,衝突,a disagreement or struggle,They resolved the conflict.
Nouns - Abstract & Emotions,peace,noun,和平,freedom from conflict,Everyone deserves peace.
Nouns - Abstract & Emotions,power,noun,力量權力,strength or authority,Knowledge is power.
Nouns - Abstract & Emotions,influence,noun,影響力,the ability to affect others,She has great influence.
Nouns - Abstract & Emotions,leadership,noun,領導力,the ability to guide others,Good leadership inspires.
Nouns - Abstract & Emotions,teamwork,noun,團隊合作,cooperation in a group,Teamwork makes things easier.
Nouns - Abstract & Emotions,value,noun,價值觀,a principle one believes in,Know your values.
Nouns - Money & Finance,money,noun,錢,currency used for transactions,She saved her money.
Nouns - Money & Finance,cash,noun,現金,physical money,Do you accept cash?
Nouns - Money & Finance,coin,noun,硬幣,a metal disc used as money,He found a coin on the ground.
Nouns - Money & Finance,note,noun,紙幣,paper currency,She paid with a large note.
Nouns - Money & Finance,savings,noun,存款,money put aside,She has healthy savings.
Nouns - Money & Finance,debt,noun,債務,money owed to someone,He paid off his debt.
Nouns - Money & Finance,loan,noun,貸款,money borrowed from a bank,She took out a loan.
Nouns - Money & Finance,interest,noun,利息,a charge for borrowing money,The interest rate is low.
Nouns - Money & Finance,credit card,noun,信用卡,a card for paying on credit,She paid with her credit card.
Nouns - Money & Finance,debit card,noun,金融卡,a card linked to a bank account,She paid by debit card.
Nouns - Money & Finance,price,noun,價格,the amount charged for something,What is the price?
Nouns - Money & Finance,cost,noun,成本費用,the amount paid for something,The cost was high.
Nouns - Money & Finance,fee,noun,費用,a charge for a service,There is a monthly fee.
Nouns - Money & Finance,tax,noun,稅,a compulsory payment to the government,She paid her income tax.
Nouns - Money & Finance,discount,noun,折扣,a reduction in price,They offered a 20% discount.
Nouns - Money & Finance,sale,noun,特賣銷售,items sold at reduced prices,Everything is on sale.
Nouns - Money & Finance,investment,noun,投資,money put into something for return,Property is a good investment.
Nouns - Money & Finance,insurance,noun,保險,protection against financial loss,Get health insurance.
Nouns - Money & Finance,pension,noun,退休金,income after retirement,She receives a pension.
Nouns - Money & Finance,currency,noun,貨幣,the money used in a country,What currency do they use?
Nouns - Money & Finance,ATM,noun,自動提款機,a machine for withdrawing cash,Use the ATM on the corner.
Nouns - Money & Finance,transaction,noun,交易,a financial exchange,The transaction was successful.
Nouns - Money & Finance,charity,noun,慈善,giving money to help others,She donates to charity.
Nouns - Money & Finance,donation,noun,捐款,money given to a cause,He made a donation.
Nouns - Money & Finance,purchase,noun,購買,something bought,That was a good purchase.
Nouns - Money & Finance,refund,noun,退款,money returned after a purchase,She requested a refund.
Nouns - Money & Finance,exchange rate,noun,匯率,the rate of one currency to another,Check the exchange rate.
Nouns - Money & Finance,bank transfer,noun,銀行轉帳,moving money between accounts,I'll do a bank transfer.
Nouns - Money & Finance,payment,noun,付款,the act of paying,Make your payment online.
Nouns - Social & Leisure,hobby,noun,興趣,an activity done for pleasure,My hobby is photography.
Nouns - Social & Leisure,sport,noun,運動,a physical activity or game,His favourite sport is tennis.
Nouns - Social & Leisure,game,noun,遊戲,an activity with rules and competition,They played a board game.
Nouns - Social & Leisure,party,noun,派對,a social gathering,She threw a birthday party.
Nouns - Social & Leisure,celebration,noun,慶祝,a gathering to mark a happy event,The celebration was joyful.
Nouns - Social & Leisure,wedding,noun,婚禮,a ceremony of marriage,We attended a wedding.
Nouns - Social & Leisure,gift,noun,禮物,something given to someone,She received a lovely gift.
Nouns - Social & Leisure,invitation,noun,邀請,a request to attend,Send the invitations early.
Nouns - Social & Leisure,concert,noun,演唱會,a live musical performance,They went to a concert.
Nouns - Social & Leisure,show,noun,表演,an entertainment event,The show was amazing.
Nouns - Social & Leisure,performance,noun,表演,an act of entertaining others,The performance was excellent.
Nouns - Social & Leisure,match,noun,比賽,a sporting competition,They watched the football match.
Nouns - Social & Leisure,tournament,noun,錦標賽,a series of games,She won the tennis tournament.
Nouns - Social & Leisure,competition,noun,競賽,a contest between people,She entered the singing competition.
Nouns - Social & Leisure,trip,noun,旅程,a short journey for pleasure,They took a day trip.
Nouns - Social & Leisure,adventure,noun,冒險,an exciting unusual experience,He went on an adventure.
Nouns - Social & Leisure,picnic,noun,野餐,an outdoor meal,They had a picnic in the park.
Nouns - Social & Leisure,barbecue,noun,烤肉,cooking food outdoors on a grill,They had a barbecue on Sunday.
Nouns - Social & Leisure,camping,noun,露營,staying in a tent outdoors,They went camping last weekend.
Nouns - Social & Leisure,hiking,noun,健行,long walks in the countryside,Hiking keeps me fit.
Nouns - Social & Leisure,swimming,noun,游泳,moving through water for exercise,She loves swimming.
Nouns - Social & Leisure,cycling,noun,騎腳踏車,riding a bicycle,He enjoys cycling.
Nouns - Social & Leisure,running,noun,跑步,moving quickly on foot for exercise,Running is her daily habit.
Nouns - Social & Leisure,yoga,noun,瑜珈,a practice of exercise and mindfulness,She does yoga every morning.
Nouns - Social & Leisure,dance,noun,舞蹈,rhythmic movement to music,She takes dance classes.
Nouns - Social & Leisure,music,noun,音樂,sound arranged in a pleasant way,Music fills the room.
Nouns - Social & Leisure,song,noun,歌曲,a piece of music with words,That is a beautiful song.
Nouns - Social & Leisure,movie,noun,電影,a film shown in a cinema,Let's watch a movie tonight.
Nouns - Social & Leisure,book,noun,書,a written work,She reads a book every week.
Nouns - Social & Leisure,magazine,noun,雜誌,a periodical publication,She flipped through a magazine.
Nouns - Social & Leisure,art,noun,藝術,creative work expressing ideas,She studied art at university.
Nouns - Social & Leisure,painting,noun,繪畫,a picture made with paint,She hung a painting on the wall.
Nouns - Social & Leisure,drawing,noun,素描,a picture made with a pencil,He showed me his drawing.
Nouns - Social & Leisure,photography,noun,攝影,taking pictures with a camera,Photography is her hobby.
Nouns - Social & Leisure,cooking,noun,烹飪,preparing food by heating,She enjoys cooking.
Nouns - Social & Leisure,gardening,noun,園藝,growing plants as a hobby,He spends weekends gardening.
Nouns - Social & Leisure,reading,noun,閱讀,looking at and understanding text,Reading relaxes me.
Nouns - Social & Leisure,writing,noun,寫作,putting words on paper,She enjoys creative writing.
Nouns - Social & Leisure,shopping,noun,購物,buying goods,She loves shopping.
Nouns - Social & Leisure,travel,noun,旅行,going to different places,Travel broadens the mind.
Nouns - Social & Leisure,entertainment,noun,娛樂,activities for enjoyment,There is plenty of entertainment.
Nouns - Social & Leisure,relaxation,noun,放鬆,a state of rest,She needed some relaxation.
Nouns - Social & Leisure,rest,noun,休息,a break from activity,Take a rest.
Nouns - Social & Leisure,fun,noun,樂趣,enjoyment or amusement,We had so much fun.
Nouns - Social & Leisure,laughter,noun,笑聲,the sound or act of laughing,Laughter filled the room.
Adjectives,good,adjective,好的,of high quality,This is a good idea.
Adjectives,bad,adjective,壞的,of poor quality,That was a bad decision.
Adjectives,great,adjective,很好的,excellent,She did a great job.
Adjectives,terrible,adjective,糟糕的,extremely bad,The service was terrible.
Adjectives,wonderful,adjective,很棒的,inspiring delight,What a wonderful day!
Adjectives,awful,adjective,可怕的,very bad or unpleasant,The smell was awful.
Adjectives,excellent,adjective,優秀的,very good,Her English is excellent.
Adjectives,big,adjective,大的,of large size,They live in a big house.
Adjectives,small,adjective,小的,of little size,She has a small dog.
Adjectives,large,adjective,大的,of great size,The hotel room was large.
Adjectives,tiny,adjective,微小的,extremely small,It was a tiny room.
Adjectives,huge,adjective,巨大的,extremely large,The crowd was huge.
Adjectives,long,adjective,長的,of great length,It was a long drive.
Adjectives,short,adjective,短的矮的,of small length or height,She has short hair.
Adjectives,tall,adjective,高的,of great height,He is very tall.
Adjectives,high,adjective,高的,far from the ground,The mountain is very high.
Adjectives,low,adjective,低的,close to the ground,The ceiling is low.
Adjectives,wide,adjective,寬的,of great width,The road is very wide.
Adjectives,narrow,adjective,窄的,of little width,The alley is narrow.
Adjectives,thick,adjective,厚的,of great depth,The wall is very thick.
Adjectives,thin,adjective,薄的細的,of little thickness,The paper is thin.
Adjectives,heavy,adjective,重的,of great weight,The box is very heavy.
Adjectives,light,adjective,輕的,of little weight,This bag is light.
Adjectives,fast,adjective,快的,moving quickly,She is a fast learner.
Adjectives,slow,adjective,慢的,moving at low speed,The service was slow.
Adjectives,quick,adjective,快速的,done in a short time,That was a quick response.
Adjectives,hot,adjective,熱的,having a high temperature,It is very hot today.
Adjectives,cold,adjective,冷的,having a low temperature,The coffee is cold.
Adjectives,warm,adjective,溫暖的,pleasantly hot,The room is warm.
Adjectives,cool,adjective,涼爽的,slightly cold,It is cool in the evening.
Adjectives,new,adjective,新的,recently made,She bought a new phone.
Adjectives,old,adjective,舊的老的,having existed a long time,This is an old book.
Adjectives,young,adjective,年輕的,not old,She looks young.
Adjectives,ancient,adjective,古老的,very old,The ancient ruins are impressive.
Adjectives,modern,adjective,現代的,of the present time,The building is very modern.
Adjectives,easy,adjective,容易的,not difficult,The exam was easy.
Adjectives,hard,adjective,困難的堅硬的,difficult or firm,The question was hard.
Adjectives,difficult,adjective,困難的,not easy,The task is difficult.
Adjectives,simple,adjective,簡單的,easy to understand,The recipe is simple.
Adjectives,complex,adjective,複雜的,made up of many parts,The issue is complex.
Adjectives,important,adjective,重要的,of great significance,Sleep is important.
Adjectives,necessary,adjective,必要的,required to be done,A visa is necessary.
Adjectives,useful,adjective,有用的,having a practical use,This tool is very useful.
Adjectives,useless,adjective,無用的,having no practical value,This is useless.
Adjectives,different,adjective,不同的,not the same,They are very different.
Adjectives,same,adjective,相同的,identical,We have the same taste.
Adjectives,similar,adjective,相似的,like something else,They look similar.
Adjectives,right,adjective,正確的,correct,That's the right answer.
Adjectives,wrong,adjective,錯誤的,not correct,He gave the wrong answer.
Adjectives,true,adjective,真實的,in accordance with facts,Is that true?
Adjectives,false,adjective,假的錯的,not true,That story is false.
Adjectives,real,adjective,真實的,actually existing,Is this a real diamond?
Adjectives,fake,adjective,假的,not genuine,The bag is fake.
Adjectives,free,adjective,免費的自由的,not costing money or restricted,Entry is free.
Adjectives,busy,adjective,忙碌的,occupied with many tasks,She is very busy.
Adjectives,open,adjective,開放的,not closed,Is the cafe open?
Adjectives,closed,adjective,關閉的,not open,The shop is closed.
Adjectives,full,adjective,滿的,containing as much as possible,The glass is full.
Adjectives,empty,adjective,空的,containing nothing,The bottle is empty.
Adjectives,clean,adjective,乾淨的,free from dirt,The room is clean.
Adjectives,dirty,adjective,髒的,covered with dirt,His shirt is dirty.
Adjectives,wet,adjective,濕的,covered with water,My shoes are wet.
Adjectives,dry,adjective,乾的,free from moisture,The clothes are dry.
Adjectives,fresh,adjective,新鮮的,recently made or obtained,Fresh bread tastes good.
Adjectives,loud,adjective,大聲的,making a lot of noise,The music is too loud.
Adjectives,quiet,adjective,安靜的,making little noise,The library is quiet.
Adjectives,bright,adjective,明亮的,giving out a lot of light,The room is bright.
Adjectives,dark,adjective,黑暗的,lacking light,The room is dark.
Adjectives,beautiful,adjective,美麗的,pleasing to the eye,The sunset was beautiful.
Adjectives,pretty,adjective,漂亮的,attractive,What a pretty garden.
Adjectives,handsome,adjective,英俊的,good-looking usually for men,He is very handsome.
Adjectives,ugly,adjective,醜陋的,not pleasant to look at,The building is ugly.
Adjectives,strong,adjective,強壯的,having great power or force,He is very strong.
Adjectives,weak,adjective,虛弱的,lacking strength,She felt weak after the illness.
Adjectives,healthy,adjective,健康的,in good health,He looks healthy.
Adjectives,sick,adjective,生病的,not in good health,She is sick today.
Adjectives,tired,adjective,疲倦的,needing rest,I am very tired.
Adjectives,energetic,adjective,精力充沛的,having lots of energy,She is very energetic.
Adjectives,happy,adjective,快樂的,feeling pleased,She seems happy today.
Adjectives,sad,adjective,悲傷的,feeling unhappy,He looked sad.
Adjectives,angry,adjective,生氣的,feeling strong displeasure,She was angry.
Adjectives,calm,adjective,冷靜的,not anxious or angry,He stayed calm.
Adjectives,excited,adjective,興奮的,feeling enthusiasm,The children are excited.
Adjectives,bored,adjective,無聊的,feeling uninterested,He looked bored.
Adjectives,worried,adjective,擔心的,feeling anxious,She is worried about the exam.
Adjectives,nervous,adjective,緊張的,feeling anxious,He was nervous before the speech.
Adjectives,confident,adjective,自信的,feeling sure of yourself,She spoke confidently.
Adjectives,shy,adjective,害羞的,nervous with other people,He is a shy person.
Adjectives,friendly,adjective,友善的,kind and pleasant,Everyone here is friendly.
Adjectives,rude,adjective,無禮的,not polite,That was a rude comment.
Adjectives,polite,adjective,有禮貌的,having good manners,She is always polite.
Adjectives,honest,adjective,誠實的,not lying or cheating,He is an honest person.
Adjectives,kind,adjective,善良的,caring and generous,She is very kind.
Adjectives,cruel,adjective,殘忍的,causing pain without reason,Cruelty is never okay.
Adjectives,generous,adjective,慷慨的,giving freely,He is very generous.
Adjectives,selfish,adjective,自私的,caring only about yourself,Don't be selfish.
Adjectives,lazy,adjective,懶惰的,not willing to work,He is too lazy.
Adjectives,hardworking,adjective,勤奮的,working with much effort,She is very hardworking.
Adjectives,clever,adjective,聰明的,quick to learn,That was a clever solution.
Adjectives,smart,adjective,聰明的,having intelligence,She is a smart student.
Adjectives,creative,adjective,有創意的,producing new ideas,She is very creative.
Adjectives,boring,adjective,無聊的,not interesting,The lecture was boring.
Adjectives,interesting,adjective,有趣的,holding attention,This book is interesting.
Adjectives,funny,adjective,好笑的,causing laughter,He told a funny story.
Adjectives,serious,adjective,嚴肅的,not joking,This is serious.
Adjectives,strange,adjective,奇怪的,unusual or unexpected,That's a strange question.
Adjectives,normal,adjective,正常的,conforming to the standard,Is this normal?
Adjectives,common,adjective,常見的,occurring frequently,That's a common mistake.
Adjectives,rare,adjective,罕見的,not occurring often,This is a rare opportunity.
Adjectives,special,adjective,特別的,better or different from usual,Today is special.
Adjectives,ordinary,adjective,普通的,not special,It was an ordinary day.
Adjectives,popular,adjective,受歡迎的,liked by many people,That song is popular.
Adjectives,famous,adjective,有名的,known by many people,She is famous.
Adjectives,rich,adjective,富有的,having a lot of money,He is very rich.
Adjectives,poor,adjective,貧窮的,having little money,They are poor.
Adjectives,expensive,adjective,昂貴的,costing a lot,This is expensive.
Adjectives,cheap,adjective,便宜的,not costing much,I found a cheap flight.
Adjectives,affordable,adjective,負擔得起的,reasonably priced,It is affordable.
Adjectives,available,adjective,可用的,able to be obtained,Is this available?
Adjectives,safe,adjective,安全的,free from danger,The area is safe.
Adjectives,dangerous,adjective,危險的,likely to cause harm,Don't take dangerous risks.
Adjectives,lucky,adjective,幸運的,having good fortune,She is lucky.
Adjectives,successful,adjective,成功的,achieving desired results,She is very successful.
Adjectives,comfortable,adjective,舒適的,giving physical ease,The chair is comfortable.
Adjectives,convenient,adjective,方便的,easy to use or access,This location is convenient.
Adjectives,suitable,adjective,合適的,right for a particular purpose,Is this suitable?
Adjectives,perfect,adjective,完美的,completely without fault,The weather was perfect.
Adjectives,possible,adjective,可能的,able to be done,Is it possible?
Adjectives,impossible,adjective,不可能的,unable to be done,That is impossible.
Adjectives,obvious,adjective,明顯的,easily seen or understood,That's obvious.
Adjectives,clear,adjective,清楚的,easy to understand,The instructions are clear.
Adjectives,accurate,adjective,準確的,correct in all details,The information is accurate.
Adjectives,exact,adjective,精確的,completely correct,What is the exact time?
Adjectives,general,adjective,一般的,not specific,That is a general question.
Adjectives,specific,adjective,特定的,relating to a particular thing,Be more specific.
Adjectives,personal,adjective,個人的,of or belonging to a person,That's personal.
Adjectives,private,adjective,私人的,not for public use,This is private.
Adjectives,public,adjective,公開的,for everyone to use,It is a public space.
Adjectives,professional,adjective,專業的,relating to a profession,She is very professional.
Adjectives,formal,adjective,正式的,suitable for official occasions,Wear formal clothes.
Adjectives,informal,adjective,非正式的,relaxed and casual,It's an informal meeting.
Adjectives,local,adjective,當地的,of the nearby area,Buy local produce.
Adjectives,foreign,adjective,外國的,from another country,She speaks a foreign language.
Adjectives,international,adjective,國際的,involving more than one country,This is an international event.
Adjectives,natural,adjective,自然的,existing in or formed by nature,Use natural ingredients.
Adjectives,artificial,adjective,人工的,made by humans,This uses artificial sweetener.
Adjectives,organic,adjective,有機的,produced without artificial chemicals,Buy organic vegetables.
Adjectives,delicious,adjective,美味的,having a very pleasant taste,The food is delicious.
Adjectives,tasty,adjective,好吃的,having a pleasant flavour,That looks tasty.
Adjectives,spicy,adjective,辣的,containing spice,This dish is too spicy.
Adjectives,sweet,adjective,甜的,having a sugary taste,This dessert is very sweet.
Adjectives,salty,adjective,鹹的,containing a lot of salt,The soup is too salty.
Adjectives,sour,adjective,酸的,having an acidic taste,The lemon is sour.
Adjectives,bitter,adjective,苦的,having a sharp unpleasant taste,Coffee is bitter.
Adjectives,raw,adjective,生的,not cooked,She eats raw vegetables.
Adjectives,cooked,adjective,熟的,having been prepared by heat,The steak is well cooked.
Adjectives,frozen,adjective,冷凍的,kept at very low temperature,Use frozen peas.
Adjectives,alone,adjective,獨自的,without others,She lives alone.
Adjectives,ready,adjective,準備好的,fully prepared,Are you ready?
Adjectives,late,adjective,遲到的,arriving after expected time,She was late again.
Adjectives,early,adjective,早的,before expected time,He arrived early.
Adjectives,current,adjective,目前的,happening now,What is the current status?
Adjectives,recent,adjective,最近的,happening not long ago,Here is the recent news.
Adjectives,main,adjective,主要的,the most important,What is the main problem?
Adjectives,extra,adjective,額外的,more than usual,Can I have extra sauce?
Adjectives,basic,adjective,基本的,of the most fundamental kind,These are basic skills.
Adjectives,advanced,adjective,進階的,at a higher level,This is an advanced course.
Adjectives,original,adjective,原始的,existing from the beginning,The original idea was better.
Adjectives,typical,adjective,典型的,having the usual qualities,That is typical behaviour.
Adjectives,traditional,adjective,傳統的,following long-established customs,It is a traditional recipe.
Adjectives,entire,adjective,整個的,whole and complete,She ate the entire pizza.
Adjectives,total,adjective,總計的,comprising everything,What is the total cost?
Adjectives,various,adjective,各種各樣的,of many different kinds,There are various options.
Adjectives,several,adjective,幾個,more than two but not very many,She tried several times.
Adjectives,enough,adjective,足夠的,as much as needed,Is there enough food?
